Category,Module,Exists In Code?,Implementation Status,Production Ready?,Risk Level,Evidence,What Is Missing
Core Product,Post Composer,Yes,Complete,Yes,Low,"ComposerController.ts, ComposerService.ts, composer.routes.ts",None
Core Product,Scheduling Engine,Yes,Complete,Yes,Low,"SchedulerService.ts, PostingQueue.ts, PublishingWorker.ts - Delayed jobs + polling fallback",None
Core Product,Smart Queue,No,Not Found,No,High,NOT FOUND IN REPOSITORY,"No optimal timing algorithm, no audience engagement analysis"
Core Product,Multi-Platform Publishing,Yes,Partial,No,Medium,"TwitterProvider.ts, FacebookProvider.ts, LinkedInProvider.ts, InstagramProvider.ts - OAuth + publish methods exist","Actual API calls are placeholders, no real publishing implementation"
Core Product,Media Library,Yes,Complete,Yes,Low,"Media.ts model, MediaUploadService.ts, S3StorageProvider.ts, LocalStorageProvider.ts",None
Core Product,Timezone Support,No,Not Found,No,High,"Post.ts has UTC storage comment, no timezone conversion logic",No timezone-aware scheduling or display
Core Product,Draft System,Yes,Complete,Yes,Low,"ComposerService.ts has draft save/load, Post.ts has DRAFT status",None
Core Product,Calendar UI,Yes,Complete,Yes,Low,Frontend calendar component exists in apps/frontend/src/components/calendar/,None
Core Product,Post Editing,Yes,Complete,Yes,Low,"PostController.ts updatePost method, PostService.ts updatePost",None
Core Product,Recurring Posts,No,Not Found,No,High,NOT FOUND IN REPOSITORY,No recurring schedule logic or cron-like scheduling
Infrastructure,Distributed Queue,Yes,Complete,Yes,Low,"QueueManager.ts with BullMQ, PostingQueue.ts, RefreshQueue.ts, EmailQueue.ts",None
Infrastructure,Rate Limit Handling,Yes,Complete,Yes,Low,"RateLimitMiddleware.ts, advancedRateLimiter.ts, GlobalRateLimitManager.ts - Redis-backed distributed rate limiting",None
Infrastructure,Idempotency,Yes,Complete,Yes,Low,"PublishingWorker.ts lines 560-800 - 5 layers: Redis lock, distributed lock, status check, platform ID check, atomic update with optimistic locking",None
Infrastructure,Dead Letter Queue,Yes,Complete,Yes,Low,"DeadLetterQueue.ts, DLQReplayService.ts - Failed jobs kept 7 days, manual replay supported",None
Infrastructure,Retry Strategy,Yes,Complete,Yes,Low,"QueueManager.ts - Exponential backoff (5s, 25s, 125s), 3 attempts, RetryManager.ts",None
Infrastructure,Multi-Tenant Isolation,Yes,Complete,Yes,Low,"tenant.ts middleware - Row-level isolation with workspaceId, membership validation, all queries filtered",None
Infrastructure,Fair Worker Allocation,No,Not Found,No,Critical,NOT FOUND IN REPOSITORY,"No tenant-level fairness, no weighted queuing, no priority lanes - FIFO only"
Infrastructure,Caching Layer,Yes,Partial,No,Medium,"Redis used for sessions and rate limiting, no application-level caching strategy",No cache-aside pattern or query result caching
Infrastructure,HA Redis,No,Not Found,No,Critical,"redis.ts lines 20-30 - Single Redis instance, no Cluster or Sentinel configuration",Redis is single point of failure
Infrastructure,Background Workers,Yes,Complete,Yes,Low,"PublishingWorker.ts, TokenRefreshWorker.ts, EmailWorker.ts, BackupVerificationWorker.ts",None
Infrastructure,Transaction Safety,No,Not Found,No,High,"No MongoDB transactions found in critical paths (webhook processing, post publishing)",Data inconsistency possible on failures
Billing,Stripe Integration,Yes,Complete,Yes,Low,"StripeService.ts, BillingService.ts, BillingController.ts - Customer creation, checkout, subscriptions",None
Billing,Webhook Idempotency,Yes,Partial,No,Critical,"StripeWebhookController.ts lines 45-70 - Checks WebhookEvent.stripeEventId but NO TRANSACTION","Race condition: two simultaneous webhooks can both process"
Billing,Subscription Enforcement,Yes,Complete,Yes,Low,"planLimit.ts middleware, PlanEnforcementService.ts - Checks limits before post creation",None
Billing,Usage Metering,Yes,Complete,Yes,Low,"Usage.ts model, UsageService.ts - Tracks posts, AI usage, accounts per workspace",None
Billing,Trial Lifecycle,Yes,Complete,Yes,Low,"Billing.ts has trialEndsAt field, Plan.ts has trial configuration",None
Billing,Invoice Generation,No,Not Found,No,Medium,NOT FOUND IN REPOSITORY,Relies on Stripe-hosted invoices only
Billing,Dunning Management,No,Not Found,No,Medium,NOT FOUND IN REPOSITORY,No failed payment recovery workflow
Billing,Webhook Fallback Polling,No,Not Found,No,High,NOT FOUND IN REPOSITORY,"If webhook never arrives, user paid but subscription not activated"
Security,Auth System,Yes,Complete,Yes,Low,"AuthService.ts, AuthTokenService.ts, auth.ts middleware - JWT with access + refresh tokens",None
Security,Token Rotation,Yes,Complete,Yes,Low,"AuthTokenService.ts rotateRefreshToken method - Rotates on refresh, detects reuse, revokes family",None
Security,RBAC,Yes,Complete,Yes,Low,"rbac.ts middleware, WorkspaceMember.ts - Roles: OWNER/ADMIN/MEMBER/VIEWER, permission checks",None
Security,Cross-Tenant Protection,Yes,Complete,Yes,Low,"tenant.ts middleware - Validates workspace membership, blocks unauthorized access",None
Security,Audit Logs,Yes,Complete,Yes,Low,"AuditLog.ts model, auditLogger.ts, SecurityAuditService.ts - Tracks all user actions",None
Security,2FA/MFA,No,Not Found,No,High,NOT FOUND IN REPOSITORY,No two-factor authentication
Security,Password Reset,Yes,Stub,No,Medium,"AuthService.ts has requestPasswordReset and resetPassword methods marked TODO",Placeholder only - no actual implementation
Security,Email Verification,Yes,Stub,No,Medium,"AuthService.ts has verifyEmail method marked TODO, User.ts has isEmailVerified field",Placeholder only - no actual implementation
Security,Constant-Time Responses,No,Not Found,No,Medium,NOT FOUND IN REPOSITORY,Timing attacks possible for data enumeration
Observability,Structured Logging,Yes,Complete,Yes,Low,"logger.ts - Winston with JSON format, daily rotation, 30-day retention",None
Observability,Metrics,Yes,Complete,Yes,Low,"MetricsController.ts, MetricsService.ts, MetricsCollector.ts - Prometheus format at /metrics endpoint",None
Observability,Alerting,Yes,Partial,No,Medium,"AlertingService.ts, SystemMonitor.ts, WebhookAlertAdapter.ts - Webhook-based alerts only",No PagerDuty/Opsgenie integration for real-time on-call
Observability,Health Checks,Yes,Complete,Yes,Low,"HealthController.ts - /health, /health/detailed, /health/live, /health/ready endpoints",None
Observability,Distributed Tracing,No,Not Found,No,Medium,NOT FOUND IN REPOSITORY,Cannot trace requests across services
Observability,APM,No,Not Found,No,Medium,NOT FOUND IN REPOSITORY,Cannot identify slow queries or performance bottlenecks
Observability,Error Tracking,Yes,Complete,Yes,Low,"sentry.ts - Sentry integration with breadcrumbs, error capture, release tracking",None
Enterprise,SSO,No,Not Found,No,Critical,"Plan.ts mentions 'SSO' in enterprise features list, but NO IMPLEMENTATION FOUND",No SAML or OIDC implementation
Enterprise,SOC2 Readiness,No,Not Found,No,Critical,NOT FOUND IN REPOSITORY,"No compliance documentation, no security controls documentation"
Enterprise,Data Export,No,Not Found,No,Medium,NOT FOUND IN REPOSITORY,No bulk data export functionality
Enterprise,Approval Workflows,No,Not Found,No,High,NOT FOUND IN REPOSITORY,No post approval system for team collaboration
Enterprise,Custom Roles,No,Not Found,No,Medium,"WorkspaceMember.ts has fixed roles (OWNER/ADMIN/MEMBER/VIEWER), no custom role creation",Cannot create custom permission sets
Enterprise,SLA Enforcement,No,Not Found,No,High,NOT FOUND IN REPOSITORY,No SLA tracking or enforcement
Advanced Features,Link Shortening,No,Not Found,No,Low,NOT FOUND IN REPOSITORY,No URL shortening integration
Advanced Features,Hashtag Research,No,Not Found,No,Low,NOT FOUND IN REPOSITORY,No hashtag popularity or suggestion tool
Advanced Features,A/B Testing,No,Not Found,No,Medium,NOT FOUND IN REPOSITORY,No post variant testing
Advanced Features,Best Time Suggestions,Yes,Stub,No,Low,"suggestion.prompt.ts mentions 'optimal posting times' in AI prompt",AI-generated suggestions only - no data-driven analysis
Advanced Features,Bulk Scheduling,No,Not Found,No,Medium,NOT FOUND IN REPOSITORY,No batch post creation or CSV import
Advanced Features,Post Templates,No,Not Found,No,Low,NOT FOUND IN REPOSITORY,No reusable post templates
Advanced Features,Content Calendar Team View,Yes,Partial,No,Low,Frontend calendar exists but no team collaboration features visible,No shared calendar with team member filters
Advanced Features,Comment Management,No,Not Found,No,Low,NOT FOUND IN REPOSITORY,No social media comment moderation
Advanced Features,Engagement Tracking,Yes,Partial,No,Medium,"PostAnalytics.ts model exists with likes/comments/shares fields",No actual platform API integration to fetch analytics
Advanced Features,Influencer Collaboration,No,Not Found,No,Low,NOT FOUND IN REPOSITORY,No influencer management features
Advanced Features,White-Label Support,No,Not Found,No,Low,NOT FOUND IN REPOSITORY,No custom branding for agencies
Social Platforms,Twitter/X,Yes,Partial,No,Medium,"TwitterProvider.ts, TwitterOAuthService.ts - OAuth flow complete, publish method exists","Actual API calls are placeholders, no real tweet posting"
Social Platforms,Facebook,Yes,Partial,No,Medium,"FacebookProvider.ts, FacebookOAuthProvider.ts - OAuth flow complete, publish method exists","Actual API calls are placeholders, no real post publishing"
Social Platforms,LinkedIn,Yes,Partial,No,Medium,"LinkedInProvider.ts, LinkedInOAuthProvider.ts - OAuth flow complete, publish method exists","Actual API calls are placeholders, no real post publishing"
Social Platforms,Instagram,Yes,Partial,No,Medium,"InstagramProvider.ts, InstagramOAuthProvider.ts - OAuth flow complete, publish method exists","Actual API calls are placeholders, no real post publishing"
Social Platforms,TikTok,No,Not Found,No,Medium,NOT FOUND IN REPOSITORY,No TikTok integration
Social Platforms,YouTube,No,Not Found,No,Medium,NOT FOUND IN REPOSITORY,No YouTube integration
Social Platforms,Pinterest,No,Not Found,No,Low,NOT FOUND IN REPOSITORY,No Pinterest integration
Social Platforms,Google Business Profile,No,Not Found,No,Low,NOT FOUND IN REPOSITORY,No Google Business Profile integration
Social Platforms,Mastodon,No,Not Found,No,Low,NOT FOUND IN REPOSITORY,No Mastodon integration
Resilience,Circuit Breaker,Yes,Complete,Yes,Low,"PlatformCircuitBreakerService.ts, DegradedModeManager.ts - Per-platform circuit breakers",None
Resilience,Graceful Degradation,Yes,Complete,Yes,Low,"DegradedModeManager.ts, gracefulShutdown.ts - Fallback behavior when services unavailable",None
Resilience,Backpressure Management,Yes,Complete,Yes,Low,"BackpressureManager.ts, QueueBackpressureMonitor.ts - Monitors queue health and applies backpressure",None
Resilience,Admission Control,Yes,Complete,Yes,Low,"AdmissionController.ts - Publish budget and rate limiting",None
Resilience,Worker Crash Recovery,Yes,Complete,Yes,Low,"workerCrashRecovery.ts, MissedPostRecoveryService.ts, stalledJobRecovery.ts - Auto-repair stuck posts after 10 minutes",None
Resilience,Redis Recovery,Yes,Complete,Yes,Low,"RedisRecoveryService.ts - Circuit breaker pattern, service registration, auto-restart",None
Deployment,Docker Setup,Yes,Complete,Yes,Low,"docker-compose.yml, docker-compose.production.yml, Dockerfiles for backend/frontend",None
Deployment,Environment Validation,Yes,Complete,Yes,Low,"config/index.ts - Zod schema validation for all environment variables",None
Deployment,Graceful Shutdown,Yes,Complete,Yes,Low,"server.ts lines 30-120 - 30-second timeout, stops workers, closes connections",None
Deployment,Health Checks,Yes,Complete,Yes,Low,"HealthController.ts - Kubernetes-compatible liveness and readiness probes",None
Deployment,Backup Automation,Yes,Complete,Yes,Low,"BackupScheduler.ts, MongoBackupService.ts - Daily backups with 14-day retention",None
Deployment,Kubernetes Manifests,No,Not Found,No,High,NOT FOUND IN REPOSITORY,No K8s deployment files
Deployment,Terraform/IaC,No,Not Found,No,High,NOT FOUND IN REPOSITORY,No infrastructure as code
Deployment,CI/CD Pipeline,No,Not Found,No,High,NOT FOUND IN REPOSITORY,No GitHub Actions or similar
Deployment,Load Balancer Config,No,Not Found,No,Medium,NOT FOUND IN REPOSITORY,No load balancer configuration documented
Testing,Unit Tests,Yes,Complete,Yes,Low,"__tests__/ directory with 50+ test files covering services, workers, middleware",None
Testing,Integration Tests,Yes,Complete,Yes,Low,"__tests__/integration/ directory with core system, scheduling, RBAC validation tests",None
Testing,Property-Based Tests,Yes,Complete,Yes,Low,"Multiple .test.ts files with property-based testing for correctness",None
Testing,Chaos Tests,Yes,Complete,Yes,Low,"__tests__/distributed-safety/chaos-testing.test.ts - Worker crashes, Redis failures",None
Testing,Load Tests,No,Not Found,No,High,NOT FOUND IN REPOSITORY,"No k6 or Artillery scripts, no load testing results"
Testing,Security Tests,No,Not Found,No,Medium,NOT FOUND IN REPOSITORY,No penetration testing or security scanning
Growth,Referral Program,No,Not Found,No,Low,NOT FOUND IN REPOSITORY,No referral tracking or rewards
Growth,In-App Onboarding,No,Not Found,No,Medium,NOT FOUND IN REPOSITORY,No guided onboarding flow
Growth,Email Lifecycle,Yes,Partial,No,Medium,"EmailNotificationService.ts, EmailTemplateService.ts - Post success/failure emails only",No welcome series or lifecycle campaigns
Growth,Trial Management,Yes,Complete,Yes,Low,"Billing.ts has trialEndsAt, Plan.ts has trial configuration",None
Growth,Usage Analytics,Yes,Partial,No,Low,"Usage.ts model tracks usage, no analytics dashboard for users",No user-facing usage dashboard
AI Features,Caption Generation,Yes,Complete,Yes,Low,"caption.service.ts, caption.prompt.ts - OpenAI/Anthropic integration",None
AI Features,Hashtag Suggestions,Yes,Complete,Yes,Low,"hashtag.service.ts, hashtag.prompt.ts - AI-powered hashtag generation",None
AI Features,Content Rewriting,Yes,Complete,Yes,Low,"rewrite.service.ts, rewrite.prompt.ts - AI content improvement",None
AI Features,Post Suggestions,Yes,Complete,Yes,Low,"suggestion.service.ts, suggestion.prompt.ts - AI content ideas",None
AI Features,Sentiment Analysis,No,Not Found,No,Low,NOT FOUND IN REPOSITORY,No sentiment analysis of content
AI Features,Competitor Tracking,No,Not Found,No,Low,NOT FOUND IN REPOSITORY,No competitor monitoring
